<?xml version="1.0" encoding="UTF-8"?>
<project-private xmlns="http://www.netbeans.org/ns/project-private/1">
    <editor-bookmarks xmlns="http://www.netbeans.org/ns/editor-bookmarks/2" lastBookmarkId="0"/>
    <open-files xmlns="http://www.netbeans.org/ns/projectui-open-files/2">
        <group>
            <file>file:/Users/felix/OneDrive%20-%20Universitat%20de%20les%20Illes%20Balears/Informatica/4%20año/Primer%20Semestre/Compiladores/Practica/Compilador%20DKXX/src/Main/Main.java</file>
            <file>file:/Users/felix/OneDrive%20-%20Universitat%20de%20les%20Illes%20Balears/Informatica/4%20año/Primer%20Semestre/Compiladores/Practica/Compilador%20DKXX/src/scanner/Scanner.java</file>
        </group>
    </open-files>
</project-private>
